التقرير,جرد الماكينات
تاريخ الإصدار,2026-09-08T14:51:45.372Z
عوامل التصفية,—

الرقم التسلسلي,الموديل,الحالة,الفرع,نوع الحائز,الحائز,نهاية الضمان,سعر الشراء,تكلفة الإصلاح,عدد الإصلاحات
SN-C_480536_0458,إنجينيكو موف 5000,IN_COMPANY_WAREHOUSE,—,WAREHOUSE,مخزن الشركة الرئيسي,,2000,700,1
SN-D_006597_2969_2,إنجينيكو موف 5000,IN_COMPANY_WAREHOUSE,—,—,—,,4200,0,0
SN-D_019303_8929_18,إنجينيكو موف 5000,IN_COMPANY_WAREHOUSE,—,—,—,,4200,0,0
SN-D_027523_2902_8,إنجينيكو موف 5000,REPLACED,—,FACTORY,—,,4200,0,0
SN-D_034977_5675_24,إنجينيكو موف 5000,DECOMMISSIONED,—,WAREHOUSE,مخزن التوالف,,1000,900,1
SN-D_084827_9339_4,إنجينيكو موف 5000,DECOMMISSIONED,—,WAREHOUSE,مخزن التوالف,,4200,0,0
SN-D_146147_1848_1,إنجينيكو موف 5000,DECOMMISSIONED,—,WAREHOUSE,مخزن التوالف,,4200,3400,2
SN-D_252713_0346_5,إنجينيكو موف 5000,DECOMMISSIONED,—,WAREHOUSE,مخزن التوالف,,4200,0,0
SN-D_275053_2928_17,إنجينيكو موف 5000,DECOMMISSIONED,—,WAREHOUSE,مخزن التوالف,,4200,250,1
SN-D_385821_4272_20,إنجينيكو موف 5000,IN_COMPANY_WAREHOUSE,—,WAREHOUSE,مخزن الشركة الرئيسي,,10000,100,1
SN-D_388465_3109_13,إنجينيكو موف 5000,IN_COMPANY_WAREHOUSE,—,—,—,,4200,0,0
SN-D_425412_4532_26,إنجينيكو موف 5000,IN_COMPANY_WAREHOUSE,—,—,—,,4200,0,0
SN-D_509904_5897_6,إنجينيكو موف 5000,WITH_MERCHANT,فرع الإحلال,MERCHANT,محل تاجر T_557798_5581,,4200,0,0
SN-D_511003_3261_15,إنجينيكو موف 5000,DECOMMISSIONED,—,WAREHOUSE,مخزن التوالف,,4000,2500,1
SN-D_569202_2031_25,إنجينيكو موف 5000,IN_COMPANY_WAREHOUSE,—,WAREHOUSE,مخزن الشركة الرئيسي,,1000,500,1
SN-D_593941_8009_14,إنجينيكو موف 5000,DECOMMISSIONED,—,WAREHOUSE,مخزن التوالف,,4200,0,0
SN-D_699571_1532_21,إنجينيكو موف 5000,REPLACED,—,FACTORY,—,,2000,900,1
SN-D_715954_9159_23,إنجينيكو موف 5000,IN_COMPANY_WAREHOUSE,—,WAREHOUSE,مخزن الشركة الرئيسي,,1000,450,1
SN-D_751492_5814_16,إنجينيكو موف 5000,IN_COMPANY_WAREHOUSE,—,WAREHOUSE,مخزن الشركة الرئيسي,,4200,0,0
SN-D_782866_7302_10,إنجينيكو موف 5000,DECOMMISSIONED,—,WAREHOUSE,مخزن التوالف,,4200,0,0
SN-D_787585_1278_22,إنجينيكو موف 5000,IN_COMPANY_WAREHOUSE,—,WAREHOUSE,مخزن الشركة الرئيسي,,100000,50,5
SN-D_841889_6856_27,إنجينيكو موف 5000,IN_COMPANY_WAREHOUSE,—,WAREHOUSE,مخزن الشركة الرئيسي,,1000,900,1
SN-D_847227_4916_7,إنجينيكو موف 5000,IN_COMPANY_WAREHOUSE,—,—,—,,4200,0,0
SN-D_888526_5507_3,إنجينيكو موف 5000,IN_COMPANY_WAREHOUSE,—,—,—,,4200,0,0
SN-D_904948_0653_19,إنجينيكو موف 5000,IN_COMPANY_WAREHOUSE,—,WAREHOUSE,مخزن الشركة الرئيسي,,1000,800,1
SN-D_942069_2675_9,إنجينيكو موف 5000,DECOMMISSIONED,—,WAREHOUSE,مخزن التوالف,,4200,0,0
SN-D_968995_3784_12,إنجينيكو موف 5000,DECOMMISSIONED,—,WAREHOUSE,مخزن التوالف,,4200,0,0
SN-D_989643_5649_11,إنجينيكو موف 5000,DECOMMISSIONED,—,WAREHOUSE,مخزن التوالف,,4200,500,1
SN-M_000284_6796_13,إنجينيكو موف 5000,IN_COMPANY_WAREHOUSE,—,WAREHOUSE,مخزن الشركة الرئيسي,2026-12-30,4200,350,1
SN-M_021759_7283_4,إنجينيكو موف 5000,IN_COMPANY_WAREHOUSE,—,—,—,2025-06-29,4200,0,0
SN-M_027193_5424_1,إنجينيكو موف 5000,IN_COMPANY_WAREHOUSE,—,WAREHOUSE,مخزن الشركة الرئيسي,2026-12-30,4200,350,1
SN-M_037994_9613_2,إنجينيكو موف 5000,AT_FACTORY,—,FACTORY,—,2026-12-30,4200,0,0
SN-M_041717_9605_16,إنجينيكو موف 5000,IN_COMPANY_WAREHOUSE,—,WAREHOUSE,مخزن الشركة الرئيسي,2026-12-30,4200,1200,1
SN-M_058804_6274_17,إنجينيكو موف 5000,IN_COMPANY_WAREHOUSE,—,WAREHOUSE,مخزن الشركة الرئيسي,2026-12-30,4200,275,1
SN-M_112982_1093_37,إنجينيكو موف 5000,REPLACED,—,FACTORY,—,2026-12-30,4200,0,0
SN-M_152417_6112_21,إنجينيكو موف 5000,IN_COMPANY_WAREHOUSE,—,WAREHOUSE,مخزن الشركة الرئيسي,2026-12-30,4200,640,1
SN-M_154589_8089_9,إنجينيكو موف 5000,UNDER_MAINTENANCE,—,WAREHOUSE,ورشة الاختبار,2026-12-30,4200,0,0
SN-M_161923_5458_52,إنجينيكو موف 5000,IN_COMPANY_WAREHOUSE,—,WAREHOUSE,مخزن الشركة الرئيسي,2026-12-30,4200,0,0
SN-M_196674_8125_31,إنجينيكو موف 5000,REPLACED,—,FACTORY,—,2026-12-30,4200,0,0
SN-M_218843_8520_27,إنجينيكو موف 5000,REPLACED,—,FACTORY,—,2026-12-30,3900,0,1
SN-M_239574_2881_22,إنجينيكو موف 5000,IN_COMPANY_WAREHOUSE,—,WAREHOUSE,مخزن الشركة الرئيسي,2026-12-30,4200,300,1
SN-M_254245_2776_41,إنجينيكو موف 5000,REPLACED,—,FACTORY,—,2026-12-30,4200,600,1
SN-M_294021_3680_12,إنجينيكو موف 5000,IN_COMPANY_WAREHOUSE,—,WAREHOUSE,مخزن الشركة الرئيسي,2026-12-30,4200,80,1
SN-M_295686_6392_51,إنجينيكو موف 5000,IN_COMPANY_WAREHOUSE,—,—,—,2026-12-30,4200,0,0
SN-M_304070_1030_39,إنجينيكو موف 5000,REPLACED,—,FACTORY,—,2026-12-30,4200,0,0
SN-M_307978_5724_25,إنجينيكو موف 5000,REPLACED,—,FACTORY,—,2026-12-30,4200,0,1
SN-M_353841_1763_23,إنجينيكو موف 5000,IN_COMPANY_WAREHOUSE,—,WAREHOUSE,مخزن الشركة الرئيسي,2026-12-30,4200,800,1
SN-M_378528_7102_34,إنجينيكو موف 5000,IN_COMPANY_WAREHOUSE,—,—,—,2026-12-30,4200,0,0
SN-M_397035_9073_19,إنجينيكو موف 5000,IN_COMPANY_WAREHOUSE,—,WAREHOUSE,مخزن الشركة الرئيسي,2026-12-30,4200,0,0
SN-M_407039_1378_46,إنجينيكو موف 5000,IN_COMPANY_WAREHOUSE,—,WAREHOUSE,مخزن الشركة الرئيسي,2026-12-30,0,900,1
SN-M_443243_5009_48,إنجينيكو موف 5000,IN_COMPANY_WAREHOUSE,—,WAREHOUSE,مخزن الشركة الرئيسي,2026-12-30,4200,200,1
SN-M_461436_0051_7,إنجينيكو موف 5000,IN_TRANSIT,—,WAREHOUSE,مخزن الشركة الرئيسي,2026-12-30,4200,10,1
SN-M_468144_3565_45,إنجينيكو موف 5000,IN_COMPANY_WAREHOUSE,—,WAREHOUSE,مخزن الشركة الرئيسي,2026-12-30,4200,450,3
SN-M_516315_3253_3,إنجينيكو موف 5000,IN_COMPANY_WAREHOUSE,—,—,—,2026-12-30,4200,0,0
SN-M_543072_7499_8,إنجينيكو موف 5000,IN_COMPANY_WAREHOUSE,—,—,—,2026-12-30,4200,0,0
SN-M_551901_3129_35,إنجينيكو موف 5000,IN_COMPANY_WAREHOUSE,—,—,—,2026-12-30,4200,0,0
SN-M_587749_2804_11,إنجينيكو موف 5000,UNDER_MAINTENANCE,—,WAREHOUSE,ورشة الاختبار,2026-12-30,4200,0,0
SN-M_637431_0910_50,إنجينيكو موف 5000,IN_COMPANY_WAREHOUSE,—,—,—,2026-12-30,4200,0,0
SN-M_640333_6996_14,إنجينيكو موف 5000,IN_COMPANY_WAREHOUSE,—,WAREHOUSE,مخزن الشركة الرئيسي,2026-12-30,4200,0,1
SN-M_682090_0550_15,إنجينيكو موف 5000,IN_COMPANY_WAREHOUSE,—,WAREHOUSE,مخزن الشركة الرئيسي,2026-12-30,4200,420,1
SN-M_744533_0252_44,إنجينيكو موف 5000,IN_COMPANY_WAREHOUSE,—,—,—,2026-12-30,4200,0,0
SN-M_824764_6581_18,إنجينيكو موف 5000,IN_COMPANY_WAREHOUSE,—,WAREHOUSE,مخزن الشركة الرئيسي,2026-12-30,4200,900,1
SN-M_844766_1488_20,إنجينيكو موف 5000,IN_COMPANY_WAREHOUSE,—,WAREHOUSE,مخزن الشركة الرئيسي,2026-12-30,4200,0,0
SN-M_869081_3439_24,إنجينيكو موف 5000,IN_COMPANY_WAREHOUSE,—,WAREHOUSE,مخزن الشركة الرئيسي,2026-12-30,4200,0,0
SN-M_912020_2725_47,إنجينيكو موف 5000,IN_COMPANY_WAREHOUSE,—,WAREHOUSE,مخزن الشركة الرئيسي,2026-12-30,4200,200,1
SN-M_912840_0048_10,إنجينيكو موف 5000,IN_COMPANY_WAREHOUSE,—,—,—,2026-12-30,4200,0,0
SN-M_921752_8294_29,إنجينيكو موف 5000,REPLACED,—,FACTORY,—,2026-12-30,4200,0,1
SN-M_930737_9833_6,إنجينيكو موف 5000,IN_COMPANY_WAREHOUSE,—,WAREHOUSE,مخزن الشركة الرئيسي,2026-12-30,4200,350,2
SN-M_941237_8921_5,إنجينيكو موف 5000,IN_COMPANY_WAREHOUSE,—,—,—,2026-12-30,4200,0,0
SN-M_942666_1590_49,إنجينيكو موف 5000,IN_COMPANY_WAREHOUSE,—,WAREHOUSE,مخزن الشركة الرئيسي,2026-12-30,4200,90,1
SN-N_015783_9474_15,إنجينيكو موف 5000,IN_TRANSIT,—,—,—,,0,0,0
SN-N_098295_6017_17,إنجينيكو موف 5000,IN_TRANSIT,—,—,—,,0,0,0
SN-N_125783_0593_3,إنجينيكو موف 5000,IN_TRANSIT,—,—,—,,0,0,0
SN-N_217712_3624_6,إنجينيكو موف 5000,IN_TRANSIT,—,—,—,,0,0,0
SN-N_255609_7090_18,إنجينيكو موف 5000,IN_TRANSIT,—,—,—,,0,0,0
SN-N_294117_3147_12,إنجينيكو موف 5000,IN_TRANSIT,—,—,—,,0,0,0
SN-N_312798_7259_5,إنجينيكو موف 5000,IN_TRANSIT,—,—,—,,0,0,0
SN-N_360115_6459_1,إنجينيكو موف 5000,IN_TRANSIT,—,—,—,,0,0,0
SN-N_438262_3617_11,إنجينيكو موف 5000,IN_TRANSIT,—,—,—,,0,0,0
SN-N_489497_1306_16,إنجينيكو موف 5000,IN_TRANSIT,—,—,—,,0,0,0
SN-N_559090_5770_8,إنجينيكو موف 5000,WITH_REPRESENTATIVE,فرع الإشعارات,REPRESENTATIVE,مندوب الإشعارات,,0,0,0
SN-N_605394_7957_13,إنجينيكو موف 5000,IN_TRANSIT,—,—,—,,0,0,0
SN-N_624576_9220_2,إنجينيكو موف 5000,IN_TRANSIT,—,—,—,,0,0,0
SN-N_700367_3023_21,إنجينيكو موف 5000,IN_TRANSIT,—,—,—,,0,0,0
SN-N_716575_2335_19,إنجينيكو موف 5000,IN_TRANSIT,—,—,—,,0,0,0
SN-N_723858_7682_10,إنجينيكو موف 5000,IN_COMPANY_WAREHOUSE,—,—,—,,0,0,0
SN-N_805412_2353_4,إنجينيكو موف 5000,IN_TRANSIT,—,—,—,,0,0,0
SN-N_838996_6465_14,إنجينيكو موف 5000,IN_TRANSIT,—,—,—,,0,0,0
SN-N_863505_3083_7,إنجينيكو موف 5000,IN_BRANCH_WAREHOUSE,فرع الإشعارات,SUPERVISOR,مشرف الإشعارات,,0,0,0
SN-N_894349_2876_9,إنجينيكو موف 5000,IN_COMPANY_WAREHOUSE,—,WAREHOUSE,مخزن الشركة الرئيسي,,0,500,1
SN-N_981556_6379_20,إنجينيكو موف 5000,IN_TRANSIT,—,—,—,,0,0,0
SN-R_013352_1831_2,إنجينيكو موف 5000,IN_TRANSIT,—,—,—,2026-09-27,4200,0,0
SN-R_073670_8775_26,إنجينيكو موف 5000,IN_COMPANY_WAREHOUSE,—,WAREHOUSE,مخزن الشركة الرئيسي,,4200,0,0
SN-R_075124_1234_32,إنجينيكو موف 5000,IN_COMPANY_WAREHOUSE,—,WAREHOUSE,مخزن الشركة الرئيسي,,4200,0,0
SN-R_091271_2224_3,إنجينيكو موف 5000,IN_BRANCH_WAREHOUSE,فرع التقارير الآخر,SUPERVISOR,مشرف الفرع الآخر,2026-09-27,4200,0,0
SN-R_111882_6491_42,إنجينيكو موف 5000,REPLACED,—,FACTORY,—,,4200,400,1
SN-R_317282_7470_38,إنجينيكو موف 5000,IN_COMPANY_WAREHOUSE,—,WAREHOUSE,مخزن الشركة الرئيسي,,4200,0,0
SN-R_408193_0802_28,إنجينيكو موف 5000,IN_COMPANY_WAREHOUSE,—,WAREHOUSE,مخزن الشركة الرئيسي,,3900,0,0
SN-R_552611_7486_43,إنجينيكو موف 5000,IN_COMPANY_WAREHOUSE,—,WAREHOUSE,مخزن الشركة الرئيسي,,4200,0,0
SN-R_678029_7338_1,إنجينيكو موف 5000,WITH_REPRESENTATIVE,فرع التقارير,REPRESENTATIVE,مندوب التقارير,2026-09-27,4200,0,0
SN-R_692092_2885_4,إنجينيكو موف 5000,IN_COMPANY_WAREHOUSE,—,—,—,2026-09-27,4200,0,0
SN-R_818685_7400_30,إنجينيكو موف 5000,IN_COMPANY_WAREHOUSE,—,WAREHOUSE,مخزن الشركة الرئيسي,,4200,0,0
SN-R_862952_4578_40,إنجينيكو موف 5000,IN_COMPANY_WAREHOUSE,—,WAREHOUSE,مخزن الشركة الرئيسي,,4200,0,0
SN-S_020022_5572_17,إنجينيكو موف 5000,IN_TRANSIT,—,—,—,,0,0,0
SN-S_031343_8361_23,إنجينيكو موف 5000,IN_BRANCH_WAREHOUSE,فرع المزامنة,SUPERVISOR,مشرف المزامنة,,0,0,0
SN-S_040362_5691_6,إنجينيكو موف 5000,WITH_MERCHANT,فرع المزامنة,MERCHANT,محل تاجر التسليم,,0,0,0
SN-S_122956_9199_1,إنجينيكو موف 5000,WITH_REPRESENTATIVE,فرع المزامنة,REPRESENTATIVE,مندوب المزامنة,,0,0,0
SN-S_178099_6246_5,إنجينيكو موف 5000,WITH_REPRESENTATIVE,فرع المزامنة,REPRESENTATIVE,مندوب المزامنة,,0,0,0
SN-S_283293_3746_21,إنجينيكو موف 5000,IN_BRANCH_WAREHOUSE,فرع المزامنة,SUPERVISOR,مشرف المزامنة,,0,0,0
SN-S_292472_8275_12,إنجينيكو موف 5000,IN_TRANSIT,—,—,—,,0,0,0
SN-S_307382_1671_26,إنجينيكو موف 5000,WITH_REPRESENTATIVE,فرع المزامنة,REPRESENTATIVE,مندوب المزامنة,,0,0,0
SN-S_320353_0748_11,إنجينيكو موف 5000,IN_TRANSIT,—,—,—,,0,0,0
SN-S_320427_5542_4,إنجينيكو موف 5000,WITH_REPRESENTATIVE,فرع المزامنة,REPRESENTATIVE,مندوب المزامنة,,0,0,0
SN-S_351099_0734_18,إنجينيكو موف 5000,WITH_REPRESENTATIVE,فرع المزامنة,REPRESENTATIVE,مندوب المزامنة,,0,0,0
SN-S_406124_7287_9,إنجينيكو موف 5000,IN_BRANCH_WAREHOUSE,فرع المزامنة,SUPERVISOR,مشرف المزامنة,,0,0,0
SN-S_421405_4136_15,إنجينيكو موف 5000,IN_TRANSIT,—,—,—,,0,0,0
SN-S_424898_9392_8,إنجينيكو موف 5000,IN_TRANSIT,—,—,—,,0,0,0
SN-S_493140_0732_3,إنجينيكو موف 5000,IN_TRANSIT,—,—,—,,0,0,0
SN-S_549185_1117_7,إنجينيكو موف 5000,IN_BRANCH_WAREHOUSE,فرع المزامنة,SUPERVISOR,مشرف المزامنة,,0,0,0
SN-S_550001_6582_24,إنجينيكو موف 5000,WITH_MERCHANT,فرع المزامنة,MERCHANT,محل تاجر الصور,,0,0,0
SN-S_610949_3965_22,إنجينيكو موف 5000,IN_COMPANY_WAREHOUSE,—,—,—,,0,0,0
SN-S_647786_9383_25,إنجينيكو موف 5000,WITH_REPRESENTATIVE,فرع المزامنة,REPRESENTATIVE,مندوب المزامنة,,0,0,0
SN-S_781513_7131_2,إنجينيكو موف 5000,IN_TRANSIT,—,—,—,,0,0,0
SN-S_806857_8283_13,إنجينيكو موف 5000,IN_COMPANY_WAREHOUSE,—,—,—,,0,0,0
SN-S_813347_7826_10,إنجينيكو موف 5000,IN_TRANSIT,—,—,—,,0,0,0
SN-S_866952_4131_19,إنجينيكو موف 5000,IN_TRANSIT,—,—,—,,0,0,0
SN-S_906676_8443_16,إنجينيكو موف 5000,IN_COMPANY_WAREHOUSE,—,—,—,,0,0,0
SN-S_948394_8611_20,إنجينيكو موف 5000,WITH_MERCHANT,فرع المزامنة,MERCHANT,محل تاجر الطابور,,0,0,0
SN-S_950598_6097_14,إنجينيكو موف 5000,IN_TRANSIT,—,—,—,,0,0,0
SN-T_069949_1592_25,إنجينيكو موف 5000,IN_BRANCH_WAREHOUSE,فرع التسليمات,SUPERVISOR,مشرف التسليمات,,0,0,0
SN-T_094522_6809_26,إنجينيكو موف 5000,IN_TRANSIT,فرع التسليمات,SUPERVISOR,مشرف التسليمات,,0,0,0
SN-T_128305_4951_15,إنجينيكو موف 5000,IN_TRANSIT,—,—,—,,0,0,0
SN-T_131051_8437_14,إنجينيكو موف 5000,WITH_REPRESENTATIVE,فرع التسليمات,REPRESENTATIVE,مندوب التسليمات,,0,0,0
SN-T_139065_0539_27,إنجينيكو موف 5000,IN_BRANCH_WAREHOUSE,فرع التسليمات,SUPERVISOR,مشرف التسليمات,,0,0,0
SN-T_332262_2757_13,إنجينيكو موف 5000,IN_TRANSIT,—,—,—,,0,0,0
SN-T_336996_1607_24,إنجينيكو موف 5000,IN_TRANSIT,—,—,—,,0,0,0
SN-T_338215_8444_12,إنجينيكو موف 5000,IN_TRANSIT,—,—,—,,0,0,0
SN-T_345109_5867_11,إنجينيكو موف 5000,IN_COMPANY_WAREHOUSE,—,—,—,,0,0,0
SN-T_377202_6192_1,إنجينيكو موف 5000,IN_COMPANY_WAREHOUSE,—,WAREHOUSE,مخزن الشركة الرئيسي,,0,0,0
SN-T_396786_5164_22,إنجينيكو موف 5000,IN_TRANSIT,—,—,—,,0,0,0
SN-T_403744_7915_9,إنجينيكو موف 5000,IN_COMPANY_WAREHOUSE,—,—,—,,0,0,0
SN-T_409883_9233_5,إنجينيكو موف 5000,IN_COMPANY_WAREHOUSE,—,—,—,,0,0,0
SN-T_422283_8382_18,إنجينيكو موف 5000,IN_COMPANY_WAREHOUSE,—,—,—,,0,0,0
SN-T_425385_0629_16,إنجينيكو موف 5000,IN_BRANCH_WAREHOUSE,فرع التسليمات,SUPERVISOR,مشرف التسليمات,,0,0,0
SN-T_467531_0988_10,إنجينيكو موف 5000,DECOMMISSIONED,—,WAREHOUSE,مخزن التوالف,,0,0,0
SN-T_504439_6826_8,إنجينيكو موف 5000,IN_BRANCH_WAREHOUSE,فرع التسليمات,SUPERVISOR,مشرف التسليمات,,0,0,0
SN-T_559139_3999_3,إنجينيكو موف 5000,IN_BRANCH_WAREHOUSE,فرع التسليمات,SUPERVISOR,مشرف التسليمات,,0,0,0
SN-T_576118_8727_23,إنجينيكو موف 5000,IN_TRANSIT,—,—,—,,0,0,0
SN-T_611968_4298_28,إنجينيكو موف 5000,IN_BRANCH_WAREHOUSE,فرع التسليمات,SUPERVISOR,مشرف التسليمات,,0,0,0
SN-T_646771_3889_17,إنجينيكو موف 5000,IN_BRANCH_WAREHOUSE,فرع التسليمات,SUPERVISOR,مشرف التسليمات,,0,0,0
SN-T_691152_9775_29,إنجينيكو موف 5000,IN_COMPANY_WAREHOUSE,—,—,—,,0,0,0
SN-T_721462_1678_2,إنجينيكو موف 5000,IN_TRANSIT,—,—,—,,0,0,0
SN-T_739512_8014_19,إنجينيكو موف 5000,IN_BRANCH_WAREHOUSE,فرع التسليمات,SUPERVISOR,مشرف التسليمات,,0,0,0
SN-T_768546_5668_4,إنجينيكو موف 5000,IN_BRANCH_WAREHOUSE,فرع التسليمات,SUPERVISOR,مشرف التسليمات,,0,0,0
SN-T_782205_2350_7,إنجينيكو موف 5000,IN_TRANSIT,—,—,—,,0,0,0
SN-T_879167_0380_6,إنجينيكو موف 5000,IN_TRANSIT,—,—,—,,0,0,0
SN-T_931915_0731_20,إنجينيكو موف 5000,IN_TRANSIT,—,—,—,,0,0,0
SN-T_962148_7666_21,إنجينيكو موف 5000,IN_COMPANY_WAREHOUSE,—,—,—,,0,0,0
SN-V_074087_4315_8,إنجينيكو موف 5000,WITH_REPRESENTATIVE,فرع المخالفات,REPRESENTATIVE,مندوب المخالفات,,0,0,0
SN-V_125149_1906_10,إنجينيكو موف 5000,IN_BRANCH_WAREHOUSE,فرع المخالفات,SUPERVISOR,مشرف المخالفات,,0,0,0
SN-V_153155_7533_16,إنجينيكو موف 5000,IN_BRANCH_WAREHOUSE,فرع المخالفات,SUPERVISOR,مشرف المخالفات,,0,0,0
SN-V_284444_6136_13,إنجينيكو موف 5000,IN_BRANCH_WAREHOUSE,فرع المخالفات,SUPERVISOR,مشرف المخالفات,,0,0,0
SN-V_341563_0753_15,إنجينيكو موف 5000,IN_BRANCH_WAREHOUSE,فرع المخالفات,SUPERVISOR,مشرف المخالفات,,0,0,0
SN-V_380646_9520_14,إنجينيكو موف 5000,IN_BRANCH_WAREHOUSE,فرع المخالفات,SUPERVISOR,مشرف المخالفات,,0,0,0
SN-V_399894_2818_12,إنجينيكو موف 5000,IN_BRANCH_WAREHOUSE,فرع المخالفات,SUPERVISOR,مشرف المخالفات,,0,0,0
SN-V_451544_4025_5,إنجينيكو موف 5000,IN_BRANCH_WAREHOUSE,فرع المخالفات,SUPERVISOR,مشرف المخالفات,,0,0,0
SN-V_487491_8819_11,إنجينيكو موف 5000,IN_BRANCH_WAREHOUSE,فرع المخالفات,SUPERVISOR,مشرف المخالفات,,0,0,0
SN-V_524473_4124_1,إنجينيكو موف 5000,IN_BRANCH_WAREHOUSE,فرع المخالفات,SUPERVISOR,مشرف المخالفات,,0,0,0
SN-V_619611_3881_9,إنجينيكو موف 5000,WITH_REPRESENTATIVE,فرع المخالفات,REPRESENTATIVE,مندوب المخالفات,,0,0,0
SN-V_704906_1519_3,إنجينيكو موف 5000,IN_BRANCH_WAREHOUSE,فرع المخالفات,SUPERVISOR,مشرف المخالفات,,0,0,0
SN-V_781558_1335_7,إنجينيكو موف 5000,IN_BRANCH_WAREHOUSE,فرع المخالفات,SUPERVISOR,مشرف المخالفات,,0,0,0
SN-V_822806_7161_6,إنجينيكو موف 5000,IN_BRANCH_WAREHOUSE,فرع المخالفات,SUPERVISOR,مشرف المخالفات,,0,0,0
SN-V_839722_6866_2,إنجينيكو موف 5000,IN_BRANCH_WAREHOUSE,فرع المخالفات,SUPERVISOR,مشرف المخالفات,,0,0,0
SN-V_844195_6743_4,إنجينيكو موف 5000,IN_BRANCH_WAREHOUSE,فرع المخالفات,SUPERVISOR,مشرف المخالفات,,0,0,0
SN-X_051906_0275,إنجينيكو موف 5000,IN_COMPANY_WAREHOUSE,—,WAREHOUSE,مخزن الشركة الرئيسي,,4200,0,0
